Otto Wagner,"(Austrian, 1841?1918)"
Christian de Portzamparc,"(French, born 1944)"
Emil Hoppe,"(Austrian, 1876?1957)"
Bernard Tschumi,"(French and Swiss, born Switzerland 1944)"
Emil Hoppe,"(Austrian, 1876?1957)"
Bernard Tschumi,"(French and Swiss, born Switzerland 1944)"
Bernard Tschumi,"(French and Swiss, born Switzerland 1944)"
Bernard Tschumi,"(French and Swiss, born Switzerland 1944)"
Bernard Tschumi,"(French and Swiss, born Switzerland 1944)"
Bernard Tschumi,"(French and Swiss, born Switzerland 1944)"
Bernard Tschumi,"(French and Swiss, born Switzerland 1944)"
Bernard Tschumi,"(French and Swiss, born Switzerland 1944)"
Bernard Tschumi,"(French and Swiss, born Switzerland 1944)"
Bernard Tschumi,"(French and Swiss, born Switzerland 1944)"
Bernard Tschumi,"(French and Swiss, born Switzerland 1944)"
Bernard Tschumi,"(French and Swiss, born Switzerland 1944)"
Bernard Tschumi,"(French and Swiss, born Switzerland 1944)"
Bernard Tschumi,"(French and Swiss, born Switzerland 1944)"
Bernard Tschumi,"(French and Swiss, born Switzerland 1944)"
Bernard Tschumi,"(French and Swiss, born Switzerland 1944)"
Bernard Tschumi,"(French and Swiss, born Switzerland 1944)"
Bernard Tschumi,"(French and Swiss, born Switzerland 1944)"
Bernard Tschumi,"(French and Swiss, born Switzerland 1944)"
Bernard Tschumi,"(French and Swiss, born Switzerland 1944)"
Bernard Tschumi,"(French and Swiss, born Switzerland 1944)"
Bernard Tschumi,"(French and Swiss, born Switzerland 1944)"
Bernard Tschumi,"(French and Swiss, born Switzerland 1944)"
Bernard Tschumi,"(French and Swiss, born Switzerland 1944)"
Bernard Tschumi,"(French and Swiss, born Switzerland 1944)"
Bernard Tschumi,"(French and Swiss, born Switzerland 1944)"
Louis I. Kahn,"(American, born Estonia. 1901?1974)"
Bernard Tschumi,"(French and Swiss, born Switzerland 1944)"
Marcel Kammerer,"(Austrian, 1878?1969)"
Bernard Tschumi,"(French and Swiss, born Switzerland 1944)"
Otto Schonthal,"(Austrian, 1878?1961)"
Bernard Tschumi,"(French and Swiss, born Switzerland 1944)"
Otto Schonthal,"(Austrian, 1878?1961)"
Bernard Tschumi,"(French and Swiss, born Switzerland 1944)"
Bernard Tschumi,"(French and Swiss, born Switzerland 1944)"
Bernard Tschumi,"(French and Swiss, born Switzerland 1944)"
Bernard Tschumi,"(French and Swiss, born Switzerland 1944)"
Bernard Tschumi,"(French and Swiss, born Switzerland 1944)"
Bernard Tschumi,"(French and Swiss, born Switzerland 1944)"
Bernard Tschumi,"(French and Swiss, born Switzerland 1944)"
Bernard Tschumi,"(French and Swiss, born Switzerland 1944)"
Bernard Tschumi,"(French and Swiss, born Switzerland 1944)"
Bernard Tschumi,"(French and Swiss, born Switzerland 1944)"
Bernard Tschumi,"(French and Swiss, born Switzerland 1944)"
Bernard Tschumi,"(French and Swiss, born Switzerland 1944)"
